Name,Email,Phone,Country
"Eldon Base for stackable storage shelf, platinum",Muhammed MacIntyre,Storage & Organization,Storage & Organization
"1.7 Cubic Foot Compact ""Cube"" Office Refrigerators",Barry French,Appliances,Appliances
"Cardinal Slant-D® Ring Binder, Heavy Gauge Vinyl",Barry French,Binders and Binder Accessories,Binders and Binder Accessories
R380,Clay Rozendal,Telephones and Communication,Telephones and Communication
Holmes HEPA Air Purifier,Carlos Soltero,Appliances,Appliances
G.E. Longer-Life Indoor Recessed Floodlight Bulbs,Carlos Soltero,Office Furnishings,Office Furnishings
"Angle-D Binders with Locking Rings, Label Holders",Carl Jackson,Binders and Binder Accessories,Binders and Binder Accessories
"SAFCO Mobile Desk Side File, Wire Frame",Carl Jackson,Storage & Organization,Storage & Organization
"SAFCO Commercial Wire Shelving, Black",Monica Federle,Storage & Organization,Storage & Organization
Xerox 198,Dorothy Badders,Paper,Paper
